Supplier,Supplier ID,Supplier type
Fusce Aliquet Institute,7247883,
Vel PC,7248364,
Feugiat Tellus Foundation,7248845,
Ridiculus Foundation,7249326,
Metus Corporation,7249807,
Id Enim Curabitur Corporation,7250288,
Tellus Lorem Eu Associates,7250769,
Suspendisse Company,7251250,
Ligula Nullam Enim PC,7251731,
Ornare Sagittis Felis Inc.,7252212,
Molestie Pharetra Nibh Ltd,7252693,Machinery
Aliquam PC,7253174,
Vulputate Ullamcorper Institute,7253655,
Egestas Industries,7254136,
Commodo Incorporated,7254617,
Arcu Vestibulum Ante Corporation,7255098,
Nunc Id Inc.,7255579,
Neque Et Institute,7256060,
Augue Ac Foundation,7256541,
Ipsum Dolor Sit Industries,7257022,
Eros Turpis Non Foundation,7257503,
Aliquam Tincidunt Nunc Corporation,7257984,
Ultricies Adipiscing Enim Inc.,7258465,
Dignissim Lacus Corporation,7258946,
A Ltd,7259427,
Neque Company,7259908,
Purus Sapien Gravida Limited,7260389,
Enim Nunc Ut LLP,7260870,
Tempus LLC,7261351,
Ipsum Sodales Inc.,7261832,
Velit Dui Semper Incorporated,7262313,
Proin Mi LLP,7262794,
Eleifend Non LLC,7263275,
Cursus Et Eros Consulting,7263756,
Nec Leo Morbi Company,7264237,
Diam At Pretium Institute,7264718,
Eu Metus Associates,7265199,
Tempus Non Institute,7265680,
Et Company,7266161,
Turpis Non Foundation,7266642,
Cubilia Curae Phasellus Limited,7267123,
Sit Amet Institute,7267604,
Odio A Company,7268085,
Id Sapien Cras Corp.,7268566,
Mauris Blandit Enim LLP,7269047,
Malesuada Id LLP,7269528,
Ullamcorper Consulting,7270009,
Est Arcu Associates,7270490,
A PC,7270971,
Vitae Posuere Limited,7271452,
Magna Tellus Industries,7271933,
Ac Orci Corporation,7272414,
Amet Consectetuer Institute,7272895,
Euismod LLC,7273376,Office supplies
Lectus Ante Dictum Limited,7273857,
Turpis Vitae Purus Associates,7274338,
Ut Semper Incorporated,7274819,
Scelerisque Corp.,7275300,
Metus In Lorem Incorporated,7275781,
Faucibus Orci Luctus Corp.,7276262,
Metus Vivamus Euismod Industries,7276743,
Amet Ultricies Sem LLP,7277224,
Etiam Company,7277705,
Vivamus Consulting,7278186,
Nibh Enim Foundation,7278667,
Eget Lacus Mauris Inc.,7279148,
Nulla Cras Ltd,7279629,
Nulla At Institute,7280110,
Sed PC,7280591,
Et Ipsum Incorporated,7281072,
Integer Tincidunt Aliquam Foundation,7281553,
Nibh Sit Institute,7282034,
Lectus A LLP,7282515,
Sem Ut Inc.,7282996,
Molestie Tortor Nibh Corporation,7283477,
Nam Nulla LLC,7283958,
Augue Scelerisque Corporation,7284439,
Sem Nulla PC,7284920,
Enim Suspendisse LLP,7285401,
Non Institute,7285882,
Et Magna Praesent LLP,7286363,
Amet Industries,7286844,
Non Limited,7287325,
Molestie Limited,7287806,
Proin LLC,7288287,Machinery
Interdum Limited,7288768,
Vitae Semper Egestas Company,7289249,
Tempus Non Ltd,7289730,
Nunc Est Mollis Inc.,7290211,
Cursus Foundation,7290692,
Lacus Corp.,7291173,
Pellentesque A LLP,7291654,
Adipiscing Non Ltd,7292135,
Vestibulum Ante Corp.,7292616,Machinery
Consectetuer Adipiscing Limited,7293097,
Ultricies Institute,7293578,
Sociis Industries,7294059,
Consequat Nec Mollis Institute,7294540,
Maecenas LLP,7295021,
Libero Nec Corporation,7295502,
Aliquet Corporation,7295983,
Nulla Ante Industries,7296464,
Sodales Mauris Blandit LLP,7296945,
Id Ante Dictum Company,7297426,
Ligula Ltd,7297907,Technical equipment
Egestas Rhoncus Proin Company,7298388,
Orci Company,7298869,
Lectus Pede Inc.,7299350,
Odio PC,7299831,
Integer Mollis Integer Ltd,7300312,
Aenean Sed Pede Consulting,7300793,
Erat Volutpat Nulla Inc.,7301274,
Nibh Vulputate Mauris Consulting,7301755,
Id Consulting,7302236,
Faucibus Id Libero Ltd,7302717,
Sem Egestas Blandit LLC,7303198,
Lorem Ac Risus Limited,7303679,
Nisl Maecenas Company,7304160,
Magna Et Institute,7304641,
Amet Ltd,7305122,Office supplies
Luctus Curabitur Institute,7305603,Office supplies
Bibendum PC,7306084,
Faucibus Lectus LLP,7306565,
Sed Incorporated,7307046,
Fringilla Mi Lacinia LLC,7307527,
Ac Arcu Nunc Limited,7308008,
Ad Litora Corporation,7308489,
Duis Volutpat Nunc Limited,7308970,
Ipsum Phasellus Vitae Consulting,7309451,
Lorem Lorem Luctus Ltd,7309932,
Dolor Egestas Corp.,7310413,
Pede Praesent Foundation,7310894,
Placerat LLP,7311375,
Eros Nam Limited,7311856,
Ornare Consulting,7312337,
Pellentesque Habitant Foundation,7312818,Machinery
Etiam Corporation,7313299,
Luctus Industries,7313780,
Nullam Lobortis Quam Ltd,7314261,
Felis Consulting,7314742,
Non Lorem Vitae Associates,7315223,
Conubia Nostra Per LLC,7315704,
At Arcu Vestibulum LLC,7316185,
Augue Sed Molestie Incorporated,7316666,
Elit Dictum Eu PC,7317147,
Eros Turpis Foundation,7317628,
Ipsum Primis In Consulting,7318109,
Elementum Sem Foundation,7318590,
Augue Eu LLP,7319071,
Cum Inc.,7319552,
Habitant Morbi Tristique LLP,7320033,
Rutrum Justo Praesent Corporation,7320514,
Tortor At Risus Limited,7320995,
Sem Nulla Interdum Company,7321476,
Congue Elit PC,7321957,
Pellentesque Associates,7322438,
Tellus Justo Institute,7322919,
Mauris Sapien Cursus Consulting,7323400,
Gravida Mauris Ut Institute,7323881,
Mauris Eu Elit Inc.,7324362,
Est Mollis Foundation,7324843,
Purus Mauris Limited,7325324,
Tempus Scelerisque Institute,7325805,
Nulla Facilisis Foundation,7326286,
Amet Lorem Industries,7326767,
Phasellus Nulla Integer LLP,7327248,
Sociis Natoque Ltd,7327729,
Imperdiet Non Vestibulum LLP,7328210,
Libero Proin Corporation,7328691,
A Inc.,7329172,
Morbi Institute,7329653,
Orci In Ltd,7330134,
Vel Nisl Quisque Incorporated,7330615,
Accumsan Neque Et LLC,7331096,
Dignissim Magna Inc.,7331577,
Nascetur Corp.,7332058,
Metus Eu PC,7332539,
Vivamus Sit LLP,7333020,
Posuere Cubilia Institute,7333501,
In Faucibus Orci Industries,7333982,
Egestas Aliquam Ltd,7334463,
Sed Sapien Nunc Ltd,7334944,
Mollis Lectus Pede Ltd,7335425,
Ornare In Faucibus Institute,7335906,
Mollis Lectus Pede Incorporated,7336387,
Vivamus Sit Amet Inc.,7336868,
Luctus Incorporated,7337349,
Proin Ultrices Duis Consulting,7337830,
Sodales Nisi Industries,7338311,
Tellus Nunc LLC,7338792,
Eu Ligula Aenean Corp.,7339273,
Convallis Ligula Company,7339754,
Imperdiet Dictum Company,7340235,
Accumsan Institute,7340716,
Vitae Diam Proin PC,7341197,
Interdum Corp.,7341678,
Pharetra Ut Ltd,7342159,
Lorem Sit Institute,7342640,
Ligula Company,7343121,
Facilisis Eget Limited,7343602,
Luctus Sit Incorporated,7344083,
Etiam Imperdiet Corporation,7344564,
Adipiscing Consulting,7345045,
Lacinia Consulting,7345526,
Nonummy Ut Molestie Associates,7346007,
Nec Enim Nunc Corp.,7346488,
Lacus Mauris LLC,7346969,
Maecenas Mi Felis Inc.,7347450,
Donec Fringilla LLC,7347931,
Ornare Sagittis Limited,7348412,
Pellentesque Tincidunt Tempus Institute,7348893,Office supplies
Nunc Id Institute,7349374,
Ut Nulla Cras Foundation,7349855,
Fusce Mollis Duis Incorporated,7350336,
Nec Enim Nunc Consulting,7350817,
Senectus Et Incorporated,7351298,
Eget Lacus LLC,7351779,
Vestibulum Foundation,7352260,
Posuere Limited,7352741,
Duis Ac Company,7353222,
Interdum Feugiat Limited,7353703,
Lacus Institute,7354184,
Metus In Lorem Institute,7354665,
Gravida Inc.,7355146,
Nec Metus Facilisis Ltd,7355627,
Turpis Non Enim Corp.,7356108,
Enim Nisl Elementum Associates,7356589,
Non Leo Corp.,7357070,
Arcu Ac Institute,7357551,
Quis Associates,7358032,
Gravida LLC,7358513,
Ultrices A Auctor Company,7358994,
Vel Venenatis Vel Company,7359475,
Tristique Pharetra Quisque Inc.,7359956,
Mauris Company,7360437,
Arcu Curabitur Ut PC,7360918,
Ultricies Ornare Industries,7361399,
Nullam Feugiat Corporation,7361880,
Per Conubia Foundation,7362361,
Nulla At Sem LLP,7362842,
Facilisis Ltd,7363323,
Elit Sed Institute,7363804,
Dui Fusce Corp.,7364285,
Nec Foundation,7364766,
Cursus Purus Associates,7365247,
Gravida Associates,7365728,
Erat Eget Ipsum Consulting,7366209,
Nec Diam Duis Ltd,7366690,
Libero Nec Industries,7367171,
Ipsum Sodales Company,7367652,
Quam PC,7368133,
Ullamcorper LLC,7368614,
Felis Corporation,7369095,
In Cursus Associates,7369576,
Aliquet Metus Urna Inc.,7370057,
Ultrices Mauris Ipsum PC,7370538,
Pharetra Sed Corporation,7371019,
Semper Foundation,7371500,Office supplies
Lacus Inc.,7371981,
Aliquam Arcu Corp.,7372462,
Elementum At Ltd,7372943,
Nec Company,7373424,
Nullam Limited,7373905,
Consectetuer Adipiscing Incorporated,7374386,
Feugiat Tellus Lorem Associates,7374867,
Elit Company,7375348,
Nunc Mauris Institute,7375829,
Nec Ante Maecenas Consulting,7376310,
In Consectetuer Ipsum Limited,7376791,Technical equipment
Suspendisse Dui Fusce Industries,7377272,
Et Consulting,7377753,
Mattis Cras Eget Associates,7378234,
Ornare Ltd,7378715,
Non Luctus Sit Corporation,7379196,
Elit Dictum Foundation,7379677,
Nullam Scelerisque Associates,7380158,
Cras Dictum LLP,7380639,
Pharetra Felis Eget Associates,7381120,
Turpis Non Enim Incorporated,7381601,
Euismod Ac Industries,7382082,
Tempus Eu LLP,7382563,
Pellentesque LLC,7383044,
Semper Cursus Integer Associates,7383525,
Nec Quam LLC,7384006,
Imperdiet Nec Ltd,7384487,
Amet Ornare Lectus Company,7384968,
Nibh Aliquam Ornare Incorporated,7385449,
Libero Limited,7385930,
Mi Corp.,7386411,
Donec Est Corp.,7386892,
Consectetuer Mauris Id Consulting,7387373,
Sit LLC,7387854,
Dui Institute,7388335,
Phasellus At Associates,7388816,
Nunc Sed Corporation,7389297,
Vel Sapien Imperdiet PC,7389778,
Velit Dui Company,7390259,
Ridiculus Associates,7390740,
Odio Aliquam Ltd,7391221,
Purus Maecenas Libero Limited,7391702,
Nibh Dolor Nonummy PC,7392183,
Cras Inc.,7392664,
Arcu Foundation,7393145,
Hendrerit Industries,7393626,
Vestibulum Lorem Sit Consulting,7394107,
Convallis Ligula Donec LLP,7394588,
Nisi Dictum Augue Consulting,7395069,
Vel Mauris Foundation,7395550,
Faucibus Morbi Vehicula Corp.,7396031,
Scelerisque Foundation,7396512,
Curae Industries,7396993,
Suspendisse Institute,7397474,
Orci PC,7397955,
Enim Foundation,7398436,
Lorem LLC,7398917,
Mollis Duis Industries,7399398,
Adipiscing Limited,7399879,
Sagittis Lobortis Mauris Foundation,7400360,
Penatibus Inc.,7400841,
Duis Mi Corp.,7401322,
Sem Elit Pharetra Corporation,7401803,
Ad Litora Institute,7402284,
Dictum Sapien Aenean Corporation,7402765,
Mus Proin Associates,7403246,
Quis Foundation,7403727,
Amet Consulting,7404208,
Quam Vel Sapien LLP,7404689,
Justo Proin PC,7405170,
Ipsum Primis In Ltd,7405651,
Semper Ltd,7406132,
Elit Curabitur Sed Corp.,7406613,
Nulla Vulputate Ltd,7407094,
Parturient Montes Nascetur Incorporated,7407575,
Nibh Phasellus Nulla Inc.,7408056,
Ut Nisi LLP,7408537,
Dapibus Id Consulting,7409018,
Nonummy Foundation,7409499,
Sodales PC,7409980,
Proin Vel Arcu Consulting,7410461,
Curae Phasellus Ornare Company,7410942,
Faucibus Lectus A Foundation,7411423,
Egestas Aliquam Fringilla Ltd,7411904,
Id PC,7412385,
Quis Massa Inc.,7412866,
Vitae Industries,7413347,
Dui Semper Et PC,7413828,
Volutpat Institute,7414309,
Nec Institute,7414790,
Et Industries,7415271,
Aliquet Sem Company,7415752,
Ac Risus Industries,7416233,
Ante Ipsum Primis Limited,7416714,
Libero Integer In Corp.,7417195,
Duis Foundation,7417676,
Erat Eget Ltd,7418157,
Non Leo Ltd,7418638,
Lacus Etiam Bibendum Inc.,7419119,
Eu Limited,7419600,
Ac Ipsum Phasellus Industries,7420081,
Gravida Mauris Ut Corporation,7420562,
Et Rutrum Ltd,7421043,
Nisi Limited,7421524,
Erat Vitae Risus Incorporated,7422005,
Nam Tempor Corporation,7422486,
Vestibulum Industries,7422967,
Nam Nulla Magna Associates,7423448,
Mauris Vel Turpis PC,7423929,
Eu Consulting,7424410,Machinery
Ante Company,7424891,
Lorem Luctus Industries,7425372,
Lacinia Incorporated,7425853,
Augue Ut Ltd,7426334,
Auctor Non Feugiat Corporation,7426815,
Neque Inc.,7427296,
Dignissim Maecenas Ornare Corp.,7427777,
Sed Est Nunc Corporation,7428258,
Eleifend PC,7428739,
Aliquam Erat Incorporated,7429220,
Tellus Phasellus Elit LLC,7429701,
Non Industries,7430182,
Rutrum Eu Corporation,7430663,
Mollis Duis Consulting,7431144,
Velit Egestas Lacinia Company,7431625,
Magna Incorporated,7432106,
Magna Suspendisse Inc.,7432587,
Amet Corporation,7433068,
Aliquet Magna Limited,7433549,
Aenean Gravida Foundation,7434030,
Non Feugiat PC,7434511,
Aenean Ltd,7434992,
Tellus Lorem Eu Consulting,7435473,
Nulla LLP,7435954,
Etiam Foundation,7436435,
Sapien Aenean Massa LLP,7436916,
Magna PC,7437397,
Imperdiet Foundation,7437878,
Maecenas Iaculis Aliquet Incorporated,7438359,
Amet Foundation,7438840,
Velit Industries,7439321,
Sed Libero Proin Inc.,7439802,
Eget LLC,7440283,
Elit Corporation,7440764,
Semper LLC,7441245,
Lobortis LLC,7441726,
Eu Eros Nam Institute,7442207,
Rutrum Magna LLC,7442688,
Euismod Urna Nullam LLP,7443169,
Porttitor Interdum Sed PC,7443650,
Molestie Ltd,7444131,
Euismod Inc.,7444612,
Adipiscing Ligula Foundation,7445093,
Vestibulum Ante Consulting,7445574,
Egestas Hendrerit Neque Inc.,7446055,
Lorem Sit Amet Industries,7446536,
Ipsum Primis Limited,7447017,
Placerat Cras Dictum LLC,7447498,
Volutpat Nulla Dignissim LLP,7447979,
Pharetra Ut Pharetra Inc.,7448460,
Sed Company,7448941,
Libero Integer In Industries,7449422,
Dignissim Maecenas LLP,7449903,
Sed Neque Sed LLP,7450384,
Diam At Pretium Foundation,7450865,
Non Bibendum Sed Inc.,7451346,
Vel Venenatis Vel PC,7451827,
Sed Dictum Proin LLC,7452308,
Lacus Nulla Tincidunt PC,7452789,
Amet Ante Vivamus Limited,7453270,
Donec Nibh Quisque Inc.,7453751,
Sit Foundation,7454232,
Semper Egestas Urna PC,7454713,
Tincidunt Vehicula Industries,7455194,
Habitant Morbi PC,7455675,
Semper Rutrum Consulting,7456156,
Pede Blandit Congue Industries,7456637,
Non Corp.,7457118,
At Velit Corporation,7457599,
Lobortis Class LLP,7458080,
Donec Egestas Duis Consulting,7458561,
Donec Foundation,7459042,
Euismod Mauris Company,7459523,
Nec Quam Associates,7460004,
Erat LLP,7460485,
Lobortis LLP,7460966,
Volutpat Corporation,7461447,
Nibh Consulting,7461928,
Aliquam LLP,7462409,
Magna Malesuada Incorporated,7462890,
Enim Corporation,7463371,
Nonummy Corporation,7463852,
Taciti Sociosqu Inc.,7464333,
Tristique Incorporated,7464814,
Molestie Foundation,7465295,
Dui PC,7465776,
Diam At Pretium Consulting,7466257,
At Auctor Ullamcorper Incorporated,7466738,
Lacus Nulla PC,7467219,
Lorem Ipsum Dolor Inc.,7467700,
Quam Curabitur Vel Inc.,7468181,
Tincidunt Corp.,7468662,
Pretium Aliquet Metus Incorporated,7469143,
Non Lobortis Quis Associates,7469624,
Mus Proin Company,7470105,
Vulputate Dui LLC,7470586,
Est Mauris Company,7471067,
Dui Ltd,7471548,
Nulla Vulputate Dui Incorporated,7472029,
Id Mollis Corp.,7472510,
Nullam Ut Nisi Company,7472991,
Justo Sit Amet Corporation,7473472,
Neque Tellus Associates,7473953,
Non Incorporated,7474434,
Tortor Nunc Institute,7474915,
Blandit Viverra Donec LLC,7475396,
Nunc Mauris LLC,7475877,
Scelerisque Corporation,7476358,
Fringilla Ornare Placerat Associates,7476839,
Commodo At Libero Institute,7477320,
Dolor Sit PC,7477801,
Per Inceptos Inc.,7478282,
Nulla Integer Inc.,7478763,
Enim Nec Tempus Corp.,7479244,
Placerat Eget Venenatis Institute,7479725,
Sagittis Felis LLP,7480206,
Augue Incorporated,7480687,
Et Euismod Et Ltd,7481168,
Nam Inc.,7481649,
Lobortis Ultrices Company,7482130,
Elit Sed Company,7482611,
Ante Ltd,7483092,
Parturient Corp.,7483573,
Lectus Ante Corp.,7484054,
Interdum Associates,7484535,
Facilisis Eget Consulting,7485016,
Enim Consequat Purus Limited,7485497,
Eu Lacus LLP,7485978,
Turpis In Condimentum Corporation,7486459,
Suspendisse Dui Fusce Consulting,7486940,
Lorem Vehicula LLP,7487421,
Ut Sagittis Limited,7487902,
Ullamcorper Institute,7488383,
Penatibus Limited,7488864,
Tristique Aliquet Incorporated,7489345,
Lacus LLP,7489826,
Magna Corporation,7490307,
Molestie Sodales Consulting,7490788,
Fusce Aliquam Limited,7491269,
Sed Dictum LLP,7491750,Machinery
Justo Limited,7492231,
Augue Porttitor Interdum Associates,7492712,
Auctor Nunc Inc.,7493193,
Et Ultrices Institute,7493674,
Scelerisque Scelerisque Dui Inc.,7494155,
Purus LLC,7494636,
Ipsum Institute,7495117,
Lacus Varius Industries,7495598,
Nullam Corp.,7496079,
Orci Sem Eget Industries,7496560,
Nec PC,7497041,
Pede Sagittis Industries,7497522,
Pellentesque Ultricies Dignissim Industries,7498003,
Risus Foundation,7498484,
Neque Non Company,7498965,
Et Magnis Corp.,7499446,
Cursus Vestibulum PC,7499927,
Mauris Suspendisse Industries,7500408,
Morbi Neque Tellus Incorporated,7500889,
Bibendum Ullamcorper Duis Inc.,7501370,
Aliquet Lobortis Nisi Associates,7501851,
Ipsum Suspendisse Inc.,7502332,
Dis Parturient Consulting,7502813,
Semper Industries,7503294,
Lectus Limited,7503775,
Iaculis Nec Eleifend LLP,7504256,
Mollis Vitae Posuere Associates,7504737,
Nulla Tincidunt Neque PC,7505218,Machinery
Imperdiet Erat Foundation,7505699,
Molestie Corporation,7506180,
Cursus Corporation,7506661,
Nec Inc.,7507142,
Vivamus Molestie LLC,7507623,
Eu Eleifend Ltd,7508104,
Tellus Sem Mollis Corp.,7508585,
Consequat Lectus Foundation,7509066,
Sed Leo PC,7509547,
Neque In Corp.,7510028,
Ligula Tortor Dictum Consulting,7510509,
Convallis Est Vitae LLP,7510990,
Nullam Feugiat PC,7511471,
Sociis Natoque Inc.,7511952,
Sit Associates,7512433,
Sit Amet Company,7512914,
Nunc Sed Pede Associates,7513395,
Ac Ipsum Phasellus Ltd,7513876,Machinery
Consectetuer Adipiscing Corporation,7514357,
Nunc Lectus Pede PC,7514838,
Metus Vivamus Company,7515319,
Cursus Integer Company,7515800,
Et LLP,7516281,
Tincidunt Adipiscing Limited,7516762,
A Mi Corp.,7517243,
Malesuada Vel Industries,7517724,
Eget Limited,7518205,
Adipiscing Lobortis Risus LLC,7518686,
Cum Sociis Natoque Inc.,7519167,
Euismod Et Commodo Associates,7519648,
Penatibus Et Company,7520129,
Erat Ltd,7520610,
Justo Proin Non Limited,7521091,
Molestie Pharetra Company,7521572,
Lectus Pede Industries,7522053,
Lacus Ltd,7522534,
Eu Metus In Foundation,7523015,
Viverra Foundation,7523496,
Blandit Mattis Incorporated,7523977,
Dictum Institute,7524458,
Fusce Dolor Institute,7524939,
Et PC,7525420,
Et Euismod Ltd,7525901,
Proin Ultrices Inc.,7526382,
Purus Sapien Limited,7526863,
Donec Porttitor Company,7527344,
Eu Foundation,7527825,
Nibh Dolor Nonummy Corporation,7528306,
Ac Nulla Incorporated,7528787,
Suspendisse Non Industries,7529268,
Arcu Ac Orci Corporation,7529749,
Lorem Luctus Limited,7530230,
Posuere Vulputate LLP,7530711,
Nullam Ut Inc.,7531192,
Nunc Risus Varius Associates,7531673,
Auctor Mauris Vel Limited,7532154,
Tincidunt Nunc Inc.,7532635,
Dictum Augue Malesuada LLP,7533116,
Leo Foundation,7533597,
Vestibulum Ante Industries,7534078,Office supplies
Risus Institute,7534559,
Suspendisse Dui Institute,7535040,
Sapien Incorporated,7535521,
Ac Risus Morbi Consulting,7536002,
Imperdiet LLC,7536483,
Eu Euismod PC,7536964,
Sed Neque Limited,7537445,
Viverra Maecenas Iaculis Institute,7537926,
Lectus Corporation,7538407,
Magnis Consulting,7538888,
Sodales Company,7539369,
Arcu Institute,7539850,
Iaculis Quis LLP,7540331,
Neque Tellus Inc.,7540812,
Magna Consulting,7541293,
Sociosqu Associates,7541774,
Rutrum Eu Ultrices Industries,7542255,
Pretium Corporation,7542736,
Luctus Corp.,7543217,
Enim Consequat Purus Corp.,7543698,
Magna Sed Eu Inc.,7544179,
Lobortis Quis Pede Limited,7544660,
Proin Mi Aliquam Foundation,7545141,
Massa Rutrum Company,7545622,
Consectetuer Rhoncus Nullam PC,7546103,
Rutrum Magna Cras Incorporated,7546584,
Dolor LLP,7547065,
Suspendisse Incorporated,7547546,
Quisque Imperdiet Foundation,7548027,
Sapien Industries,7548508,
Tristique Senectus Limited,7548989,
Augue Eu Ltd,7549470,
In Industries,7549951,
Ac Metus Vitae Corporation,7550432,
Eget Ipsum Donec Limited,7550913,
Aliquet LLP,7551394,
Magna Tellus Faucibus LLC,7551875,
Tristique Senectus Et PC,7552356,
Dolor Donec Associates,7552837,
Sed Leo Cras Associates,7553318,
Ac Mattis Semper Industries,7553799,
Sem Ltd,7554280,
Fusce Fermentum Fermentum Industries,7554761,
Et Malesuada Fames Consulting,7555242,
Feugiat Nec Diam Institute,7555723,
Placerat Cras Institute,7556204,
Ultricies Ornare Elit Corp.,7556685,
Pretium Associates,7557166,
Quam Curabitur Corp.,7557647,
Molestie Institute,7558128,
Pede Nunc Industries,7558609,
Dictum Eleifend Nunc Institute,7559090,
Luctus Curabitur Associates,7559571,
Nulla At LLC,7560052,
Et Rutrum Institute,7560533,
Aliquet Magna Corp.,7561014,
Auctor Vitae Corp.,7561495,
Metus Vivamus Limited,7561976,
Fusce Diam Ltd,7562457,
Vel Vulputate Associates,7562938,
Ornare Inc.,7563419,
Elit Pellentesque Corporation,7563900,
Id Nunc Interdum Associates,7564381,
Donec Tempor Inc.,7564862,
Quis Urna Nunc Consulting,7565343,
Sagittis Incorporated,7565824,
Aliquet Vel Vulputate Corp.,7566305,
Elit Pede Malesuada Corp.,7566786,
Magna Inc.,7567267,
Orci Ut Inc.,7567748,
Proin LLP,7568229,
Aliquam Eu Institute,7568710,
Nulla Aliquet Proin Industries,7569191,
Dolor Sit Amet Consulting,7569672,
Quis LLC,7570153,
Faucibus Foundation,7570634,
Dui Fusce Diam PC,7571115,
Enim Consulting,7571596,
Nunc Quis Arcu Incorporated,7572077,
Ac LLP,7572558,
Per Conubia Corp.,7573039,
Eros Corp.,7573520,
Amet Risus Donec Consulting,7574001,
Tristique Ac PC,7574482,
Dictum Industries,7574963,
Orci Incorporated,7575444,
Natoque Penatibus Et Inc.,7575925,
Suspendisse Sagittis Nullam Associates,7576406,
Eleifend Industries,7576887,
Parturient Montes Nascetur Consulting,7577368,
Metus Eu Limited,7577849,
Vestibulum Ut Eros Ltd,7578330,
Vitae Limited,7578811,
Aliquam Eros Corporation,7579292,
Non Dapibus Limited,7579773,
Erat In Consectetuer Incorporated,7580254,
Suspendisse Ac Inc.,7580735,
Convallis Limited,7581216,
Pede Foundation,7581697,
Vitae Erat Vel Corporation,7582178,
Aenean Corporation,7582659,
Mus Limited,7583140,
Ipsum Phasellus Vitae LLC,7583621,
Magnis Dis Parturient Company,7584102,
Etiam Laoreet Libero Incorporated,7584583,
Sed Neque Associates,7585064,
Pede Nec Ante Limited,7585545,
Pellentesque Industries,7586026,
Et Ultrices Industries,7586507,
Nunc Id Enim Inc.,7586988,
Arcu Nunc Mauris Corporation,7587469,
Metus Aenean Incorporated,7587950,
Consectetuer Adipiscing Company,7588431,
Sapien Cras PC,7588912,Technical equipment
Risus Donec Nibh Company,7589393,
Quis PC,7589874,
Ut Sagittis LLC,7590355,
Faucibus PC,7590836,
Duis Mi Enim LLC,7591317,
Ac Foundation,7591798,
Volutpat Foundation,7592279,
Maecenas PC,7592760,
Et Corporation,7593241,
Sem Semper Erat Company,7593722,
At Nisi LLP,7594203,
In Condimentum Consulting,7594684,
Diam PC,7595165,
Habitant Incorporated,7595646,
Nec Quam Foundation,7596127,
Arcu Aliquam Associates,7596608,
Quis Diam Corp.,7597089,
Nec Metus Consulting,7597570,
Vestibulum Nec Associates,7598051,
Proin Non Massa Industries,7598532,
Vel Turpis Aliquam Associates,7599013,
Malesuada Inc.,7599494,
Non Nisi Associates,7599975,
Lacinia Mattis Foundation,7600456,
Sed Pede Cum PC,7600937,
Risus In Inc.,7601418,
Magna Suspendisse Tristique Associates,7601899,
Turpis Nec Institute,7602380,
Nonummy Ac Feugiat Company,7602861,
Eleifend Egestas Sed Industries,7603342,
Mauris Magna Duis LLP,7603823,
Vitae Diam Corporation,7604304,
Suspendisse Consulting,7604785,
Eu Placerat Corporation,7605266,
Molestie Corp.,7605747,
Ultrices Duis Associates,7606228,
Augue Id Corp.,7606709,
Quis Diam Luctus Institute,7607190,
Diam Associates,7607671,
Ante Vivamus LLC,7608152,
Metus Aenean Foundation,7608633,
Netus Et Malesuada Inc.,7609114,
In Faucibus Institute,7609595,
Odio Ltd,7610076,
Nibh Lacinia Company,7610557,
Nunc Ac Mattis Company,7611038,
Phasellus Nulla Inc.,7611519,
Tellus Imperdiet Limited,7612000,
Mattis Velit Justo Foundation,7612481,
Aliquam Enim Nec Industries,7612962,
Maecenas Ornare Egestas PC,7613443,
Et Institute,7613924,
Arcu PC,7614405,
Cras Corporation,7614886,
Semper Limited,7615367,
Justo Nec Ante Consulting,7615848,
At Ltd,7616329,
Sit Industries,7616810,
Sapien Cursus In Industries,7617291,
Quis Diam Pellentesque Associates,7617772,
Semper LLP,7618253,
Elementum Dui Quis Inc.,7618734,
Ac Ltd,7619215,
Mauris Blandit PC,7619696,
Et Lacinia Institute,7620177,
Et Tristique Pellentesque Industries,7620658,
Quis Lectus Incorporated,7621139,
Ac Mattis Ornare Industries,7621620,
A Scelerisque Institute,7622101,
Tristique Corporation,7622582,
Fusce Aliquam Inc.,7623063,
Ornare Corporation,7623544,
Magnis Corp.,7624025,
In Faucibus Morbi Associates,7624506,
Quam Quis Diam PC,7624987,
Aliquam Eu PC,7625468,
Commodo Auctor Velit Company,7625949,
In At Pede Corp.,7626430,
Enim Nunc Ut Institute,7626911,
Adipiscing Foundation,7627392,
Molestie In Consulting,7627873,
Eu Elit Nulla Foundation,7628354,
Mauris LLC,7628835,
Varius Ultrices Inc.,7629316,
Sed Eu Foundation,7629797,
Amet Lorem PC,7630278,
Adipiscing Ligula Company,7630759,
Magna Sed LLC,7631240,
Nec Luctus Felis Institute,7631721,
Convallis Convallis Corporation,7632202,
Nibh Phasellus Nulla LLP,7632683,
Eget Ipsum Incorporated,7633164,
Convallis Ligula Donec Limited,7633645,
Adipiscing Mauris Consulting,7634126,
Felis LLC,7634607,
Blandit Associates,7635088,
Fringilla Mi Lacinia Corporation,7635569,
Nulla Magna Malesuada PC,7636050,
Risus Odio Industries,7636531,
Tellus Limited,7637012,
Nibh Vulputate Mauris Ltd,7637493,
Lacus Ut Nec Corp.,7637974,
Dictum Mi Ac Foundation,7638455,
Vitae Incorporated,7638936,
Fusce Consulting,7639417,
Dis Parturient Associates,7639898,
Justo Institute,7640379,
Sapien Nunc Pulvinar Associates,7640860,
Magnis Corporation,7641341,
Erat Eget Ipsum Limited,7641822,
Egestas LLC,7642303,
Ac Mattis Semper LLP,7642784,
Phasellus Fermentum Convallis Foundation,7643265,
Arcu Corp.,7643746,
Eleifend Cras Sed Consulting,7644227,
Turpis Foundation,7644708,
Odio Industries,7645189,
Iaculis Corporation,7645670,
Mauris Ut Mi Corp.,7646151,
Torquent Per Conubia LLP,7646632,
Ligula Aenean LLC,7647113,
Phasellus Company,7647594,
Arcu Curabitur Incorporated,7648075,
Ante Ipsum Associates,7648556,
Interdum Nunc Sollicitudin Corp.,7649037,
Eget Inc.,7649518,
Quis Arcu Incorporated,7649999,
Aliquet Magna Corporation,7650480,
Facilisis Corporation,7650961,
Ante Dictum Cursus Inc.,7651442,
Velit Ltd,7651923,
Quisque LLP,7652404,
Orci Quis Institute,7652885,
Ligula Elit Limited,7653366,
Lobortis Ltd,7653847,
Cursus Nunc LLP,7654328,
Ipsum Consulting,7654809,
Eu Associates,7655290,
Enim Curabitur Consulting,7655771,
Et Associates,7656252,
Et Eros Proin PC,7656733,
Aliquam Erat LLP,7657214,
Metus Consulting,7657695,
Morbi Vehicula Inc.,7658176,
Faucibus Leo In Institute,7658657,
Iaculis Odio Industries,7659138,
Fermentum Convallis Foundation,7659619,
Velit Dui LLP,7660100,
Egestas Corp.,7660581,
Nec Euismod In Company,7661062,
Vehicula Pellentesque Company,7661543,
Fermentum Convallis Ligula Inc.,7662024,
Fusce Fermentum LLC,7662505,
Nec Corp.,7662986,
Non Consulting,7663467,
Nulla In Institute,7663948,
Duis Cursus Diam LLP,7664429,
Facilisis Vitae Industries,7664910,
Consectetuer Euismod Est Ltd,7665391,
Nascetur Ridiculus Mus PC,7665872,
Ad Limited,7666353,
Laoreet Associates,7666834,
Auctor Velit Aliquam Corporation,7667315,
Mauris Id Associates,7667796,
Laoreet Ltd,7668277,
Adipiscing Inc.,7668758,
Dolor Sit Institute,7669239,
Leo Vivamus Nibh Company,7669720,
Quis LLP,7670201,
Enim Etiam Consulting,7670682,
Ornare PC,7671163,
Molestie In Corporation,7671644,
Sem Consulting,7672125,
Non Egestas Ltd,7672606,
Tortor Nunc Associates,7673087,
Dui In Industries,7673568,
Erat Foundation,7674049,
Integer Vulputate Corporation,7674530,
Molestie Tortor Company,7675011,
Faucibus Orci Consulting,7675492,
Nibh Aliquam Company,7675973,
Eleifend Non Institute,7676454,
Tristique Aliquet Foundation,7676935,
Augue Porttitor Corp.,7677416,
Duis Sit Amet Associates,7677897,
Magna Duis Dignissim Industries,7678378,
Aliquet Vel Vulputate Inc.,7678859,
Ante Limited,7679340,
Ligula Nullam Feugiat Associates,7679821,
Vel Lectus LLP,7680302,
Turpis LLC,7680783,
Donec Associates,7681264,
A Corporation,7681745,
In Scelerisque Scelerisque Associates,7682226,
Eu Erat Incorporated,7682707,
Eleifend Nunc Industries,7683188,
Metus Foundation,7683669,
Facilisis Magna Tellus Corporation,7684150,
Senectus Et LLP,7684631,
Sed LLC,7685112,
Cum Sociis Natoque Ltd,7685593,
Et Magnis Dis Limited,7686074,
A Enim Ltd,7686555,
Aenean Gravida Nunc Ltd,7687036,
Ipsum Primis In PC,7687517,
Ultrices Sit Amet Associates,7687998,
Cursus Integer Incorporated,7688479,
In Tempus Eu Inc.,7688960,
Consequat Enim Diam Incorporated,7689441,
Nisi Mauris Nulla Incorporated,7689922,
Sagittis LLC,7690403,
Feugiat LLC,7690884,
Posuere Company,7691365,
Nunc Ut Erat Inc.,7691846,
Eu Eros Industries,7692327,
Aenean Eget Metus Inc.,7692808,
Velit PC,7693289,
Semper Dui Associates,7693770,
Risus Quis Industries,7694251,
Pellentesque Limited,7694732,
Dui Incorporated,7695213,
Ultrices Mauris Ipsum Inc.,7695694,
Arcu Vestibulum Company,7696175,
Vulputate Dui Institute,7696656,
Accumsan Laoreet Ipsum LLC,7697137,
At Egestas A Institute,7697618,
Sagittis Associates,7698099,
Ac Mattis Corporation,7698580,
Ac Corporation,7699061,
Arcu Vestibulum Associates,7699542,
Ligula Tortor Dictum LLC,7700023,
Faucibus Ut Nulla Corp.,7700504,
Natoque Penatibus Et Associates,7700985,
Malesuada Foundation,7701466,
Curabitur Consulting,7701947,
Sed Associates,7702428,
Nisi LLP,7702909,
A Consulting,7703390,
Ut Pharetra Incorporated,7703871,
Bibendum Consulting,7704352,
Dapibus Ligula PC,7704833,
Vel Convallis Corp.,7705314,
Convallis Ante Consulting,7705795,
Primis Associates,7706276,
Pretium Et Inc.,7706757,
Fermentum Risus At Incorporated,7707238,
Tempor Bibendum Limited,7707719,
Ut Consulting,7708200,
Donec Nibh Corporation,7708681,
Mauris Sit Limited,7709162,
Tristique Senectus Et Company,7709643,
Eros Nec Tellus Company,7710124,
Ut Aliquam Iaculis Incorporated,7710605,
Donec Vitae Erat Associates,7711086,
Pharetra Sed Limited,7711567,
Consectetuer Rhoncus Incorporated,7712048,
Morbi Neque Incorporated,7712529,
Nulla Integer Urna LLP,7713010,
Senectus Et Company,7713491,
Amet Faucibus Institute,7713972,
Vel Pede Limited,7714453,
Nullam Vitae Diam PC,7714934,
In Lorem Donec LLC,7715415,
Lectus LLC,7715896,
Malesuada Vel Foundation,7716377,
Pede Blandit Congue LLC,7716858,
Metus Vitae Corporation,7717339,
Eu Sem Pellentesque Company,7717820,
Metus Limited,7718301,
Aptent Taciti Inc.,7718782,
Maecenas Institute,7719263,
Nulla Facilisi LLP,7719744,
Iaculis Lacus Inc.,7720225,
Lacus Associates,7720706,
Ligula Associates,7721187,
Convallis Convallis Dolor Consulting,7721668,
Phasellus Dolor Elit LLC,7722149,
Tincidunt Congue Turpis Associates,7722630,
Hendrerit A Incorporated,7723111,
Neque Ltd,7723592,
Pede Suspendisse Company,7724073,
Urna Company,7724554,
Quisque Foundation,7725035,
Aliquet Molestie Tellus Foundation,7725516,
Primis Industries,7725997,
Donec Egestas LLC,7726478,
Id Nunc Interdum PC,7726959,
Iaculis Consulting,7727440,
Molestie Sodales Mauris Corporation,7727921,
Ac Corp.,7728402,
Ac Feugiat Non LLP,7728883,
Dui Consulting,7729364,
Dolor Tempus Associates,7729845,
Nulla Facilisis Inc.,7730326,
Mattis Institute,7730807,
In LLC,7731288,
Nec Mollis LLP,7731769,
Enim Sit Associates,7732250,
Erat Eget Tincidunt Company,7732731,
Tristique Ac Inc.,7733212,
Nullam Lobortis Corp.,7733693,
Lorem Semper Incorporated,7734174,
Aliquam Ltd,7734655,
Scelerisque Neque Nullam Associates,7735136,
At Nisi Foundation,7735617,
Dui Cras LLC,7736098,
Sed Facilisis Vitae LLP,7736579,
Vestibulum Nec Euismod Corporation,7737060,
Ipsum Corporation,7737541,
Feugiat LLP,7738022,
Sociosqu Ad Litora Inc.,7738503,
Donec Nibh Limited,7738984,
Diam Ltd,7739465,
Eu LLC,7739946,
Ridiculus Incorporated,7740427,
Luctus Lobortis Foundation,7740908,
Mauris Associates,7741389,
At Auctor Associates,7741870,
Nunc Risus Associates,7742351,
Varius Incorporated,7742832,
Suspendisse Industries,7743313,
Dolor Institute,7743794,
Posuere Cubilia Curae Consulting,7744275,
Dictum Eleifend LLC,7744756,
Id Mollis Nec Ltd,7745237,Machinery
Quisque Fringilla Associates,7745718,
Velit Foundation,7746199,
Ut Tincidunt LLP,7746680,
Curabitur Massa Vestibulum Company,7747161,
Duis Volutpat Nunc LLP,7747642,
Mollis Nec Corporation,7748123,
Mauris A Corporation,7748604,
Risus At Fringilla LLP,7749085,
Aenean Euismod Mauris Institute,7749566,
Placerat Eget Venenatis Incorporated,7750047,
Lectus Pede Et Limited,7750528,
Gravida Sit Amet Limited,7751009,
Et Arcu Imperdiet Corp.,7751490,
Ac Urna Company,7751971,
Metus Sit Amet Incorporated,7752452,
Egestas Sed Consulting,7752933,
Ut Limited,7753414,
Vehicula Et Rutrum PC,7753895,
Nibh Phasellus Industries,7754376,
Hymenaeos Consulting,7754857,
Ligula Aenean Gravida PC,7755338,
Diam Foundation,7755819,
Enim Condimentum Eget Limited,7756300,
Aliquet Phasellus Fermentum Inc.,7756781,
Leo In Lobortis Incorporated,7757262,
Tempor Corp.,7757743,
Luctus Corporation,7758224,
Nec Cursus A Company,7758705,
Et Arcu Imperdiet Ltd,7759186,
Phasellus Nulla Integer Institute,7759667,
Id Enim Corporation,7760148,
Ac Nulla Limited,7760629,
Eget Ipsum Suspendisse Consulting,7761110,
Pede Et Risus Incorporated,7761591,
Natoque Penatibus Et Limited,7762072,
Non Lacinia At Institute,7762553,
Magna A Institute,7763034,
Et Commodo LLC,7763515,
Sem Ut LLP,7763996,
Donec Tincidunt Donec Incorporated,7764477,
Torquent Per PC,7764958,
Tincidunt Inc.,7765439,
Venenatis LLP,7765920,
Sed Molestie Sed Incorporated,7766401,
Molestie Tellus Aenean Industries,7766882,
Ipsum Suspendisse Non Corp.,7767363,
Et Pede PC,7767844,
Arcu Limited,7768325,
Ac Metus Consulting,7768806,
Ligula Nullam Feugiat Institute,7769287,
Et Commodo At Company,7769768,
Pharetra Limited,7770249,
Vitae Semper Egestas Consulting,7770730,
Non Bibendum Limited,7771211,
Euismod Ac PC,7771692,
Turpis Nulla Industries,7772173,
Nec Leo Morbi Consulting,7772654,
Dictum Ltd,7773135,
At Iaculis Quis Industries,7773616,
Malesuada Augue PC,7774097,
Porttitor Foundation,7774578,
Ut Molestie In Foundation,7775059,
In Magna Associates,7775540,
Vestibulum Limited,7776021,
Ut Sagittis Lobortis Company,7776502,
Pharetra Quisque Institute,7776983,
Nonummy Ltd,7777464,
Turpis Incorporated,7777945,
Eget Associates,7778426,
A LLP,7778907,
Pharetra Sed Hendrerit Foundation,7779388,
Dolor PC,7779869,
Dignissim Incorporated,7780350,
Erat Eget Ipsum Industries,7780831,
Rutrum Non Foundation,7781312,
Sollicitudin Adipiscing Corporation,7781793,
Blandit Congue In Corporation,7782274,
Conubia Nostra Consulting,7782755,
Ut Associates,7783236,
Tellus Imperdiet Non Consulting,7783717,
Sodales Purus In Corp.,7784198,
Lorem Company,7784679,
Scelerisque LLC,7785160,
Purus Mauris LLC,7785641,
In At Pede Consulting,7786122,
Id Nunc Interdum Corp.,7786603,
Integer Mollis Foundation,7787084,
Sit PC,7787565,
Donec Felis Corp.,7788046,
Enim Mi Associates,7788527,
Phasellus Elit Pede LLC,7789008,
Malesuada Associates,7789489,
Auctor Ullamcorper Nisl PC,7789970,
Etiam Vestibulum Massa Institute,7790451,
Sociis Natoque Industries,7790932,
Iaculis Quis Pede Industries,7791413,
Pharetra Felis Eget LLP,7791894,
Arcu Nunc Mauris Consulting,7792375,
Consectetuer Inc.,7792856,
Praesent Interdum Inc.,7793337,
Eros Nec Tellus Ltd,7793818,
Donec Est Nunc Ltd,7794299,
In Corporation,7794780,
Sed Dui Consulting,7795261,
Non Bibendum Industries,7795742,
Eu Augue PC,7796223,
At Corporation,7796704,
Mollis Non Cursus Incorporated,7797185,
Augue Id Ante PC,7797666,
Dictum Mi Ac Limited,7798147,
Metus Vivamus Euismod Incorporated,7798628,
Nunc Incorporated,7799109,
Primis Corp.,7799590,
Nullam Scelerisque Neque Industries,7800071,
Enim Gravida Foundation,7800552,
Ultricies Ornare Elit LLC,7801033,
Nulla PC,7801514,
Diam Limited,7801995,
Sodales At Velit Corporation,7802476,
Nisl Company,7802957,
Diam Proin LLP,7803438,
Luctus Felis Purus Associates,7803919,
Quis Industries,7804400,
Lectus Justo Eu Institute,7804881,
Vestibulum Associates,7805362,
Duis At Lacus Ltd,7805843,
Egestas Sed Corp.,7806324,
Turpis Non Enim Company,7806805,
Gravida Sagittis Incorporated,7807286,
Proin Inc.,7807767,
Etiam Vestibulum LLP,7808248,
Ultricies Limited,7808729,
Mus LLC,7809210,
Enim Sed Nulla Corp.,7809691,
Augue Institute,7810172,
Parturient Montes Nascetur Industries,7810653,
Nibh Sit Corp.,7811134,
Aliquam Adipiscing Lobortis PC,7811615,
Vel Limited,7812096,
Tellus Aenean Corp.,7812577,
Turpis Inc.,7813058,
Ultricies Ligula Limited,7813539,
Magna Sed Limited,7814020,
Arcu Company,7814501,
Non Enim Limited,7814982,
Auctor Associates,7815463,
Euismod Et Commodo PC,7815944,
Ut Corp.,7816425,
Est Nunc LLP,7816906,
Nascetur PC,7817387,
Pellentesque Habitant LLP,7817868,
At Risus Company,7818349,
Augue Ac Ipsum Inc.,7818830,
Nullam Vitae Diam Consulting,7819311,
Sagittis Placerat Consulting,7819792,
Morbi Non Consulting,7820273,
Nunc Mauris Morbi Ltd,7820754,
Rutrum Justo Praesent Ltd,7821235,
Malesuada Consulting,7821716,
Mus Ltd,7822197,
Nec Tempus Mauris Associates,7822678,
Aliquam Corporation,7823159,
Tristique Pellentesque Corp.,7823640,
Quisque Porttitor Eros Ltd,7824121,
Pretium Et Rutrum Inc.,7824602,
Nam Porttitor Consulting,7825083,
Rutrum Eu Ultrices Corp.,7825564,
Tincidunt Dui LLP,7826045,
Neque Morbi Industries,7826526,
Ultricies Associates,7827007,
Ac Incorporated,7827488,
Cubilia Curae LLC,7827969,
Accumsan Sed Facilisis Associates,7828450,
Velit Inc.,7828931,
Vel Vulputate Eu Corp.,7829412,
Donec Nibh Consulting,7829893,
Amet Consectetuer Limited,7830374,
Non Leo Incorporated,7830855,
Aliquet Corp.,7831336,
Interdum Nunc LLP,7831817,
Eu Eros Associates,7832298,
Vulputate Mauris LLC,7832779,
Mauris PC,7833260,
Scelerisque Lorem Ipsum Associates,7833741,
Dignissim Ltd,7834222,
Eget Odio Institute,7834703,
Nullam LLC,7835184,
Luctus Et Ultrices LLP,7835665,
Pellentesque Tellus Sem LLP,7836146,
Libero Lacus Varius Ltd,7836627,
Id Libero Donec Consulting,7837108,
Parturient Montes Nascetur Inc.,7837589,
Cursus Incorporated,7838070,
Accumsan Interdum Corporation,7838551,
Cursus Et Associates,7839032,
Odio Phasellus At Consulting,7839513,
Luctus Curabitur Industries,7839994,
Lobortis Mauris PC,7840475,
Adipiscing Ligula Corporation,7840956,
Molestie Orci Corp.,7841437,
Vulputate Ullamcorper Consulting,7841918,
Dui Quis Accumsan Associates,7842399,
Lorem Semper Auctor Foundation,7842880,
Mauris Eu Elit Institute,7843361,
Duis A Mi Corporation,7843842,
At Egestas Foundation,7844323,
Enim Associates,7844804,
In Company,7845285,
Ut Nulla Limited,7845766,
Ligula Incorporated,7846247,
Phasellus LLC,7846728,
Duis PC,7847209,
Fames Associates,7847690,
Nisi Mauris Corporation,7848171,
Nisi Foundation,7848652,
Suscipit LLP,7849133,
Dictum Limited,7849614,
Risus Morbi Metus Consulting,7850095,
Commodo LLC,7850576,
Amet Risus Donec Inc.,7851057,
Ac Mattis Institute,7851538,
Sit Amet Orci Ltd,7852019,
Pellentesque Massa Lobortis Inc.,7852500,
Neque Associates,7852981,
Orci In Consequat Institute,7853462,
Vel Nisl Corp.,7853943,
Sed Institute,7854424,
Quam Corp.,7854905,
Sem Molestie Consulting,7855386,
Aliquet Libero Incorporated,7855867,
Mus Proin Vel Consulting,7856348,
Suspendisse Tristique Company,7856829,
Morbi Metus Vivamus Consulting,7857310,
Porttitor Scelerisque Consulting,7857791,
Adipiscing Enim Institute,7858272,
Est Foundation,7858753,
A Magna Lorem LLP,7859234,
Convallis Dolor Quisque Company,7859715,
In Felis Nulla Limited,7860196,
Mauris Rhoncus Limited,7860677,
At Lacus Corporation,7861158,
Inceptos Hymenaeos Mauris Incorporated,7861639,
Tellus Id Inc.,7862120,
Risus Company,7862601,
Pulvinar Inc.,7863082,
Nec Limited,7863563,
Aliquam Fringilla Cursus Associates,7864044,
Integer LLP,7864525,
Ante Corp.,7865006,
Cras Lorem Corporation,7865487,
Nec Ante Blandit Industries,7865968,
Quisque Purus Limited,7866449,
Nullam Enim Sed LLP,7866930,
Parturient Montes Consulting,7867411,
Nam Nulla Magna Institute,7867892,
Ornare LLC,7868373,
Sociis Corporation,7868854,
Eros Non Enim Inc.,7869335,
Litora Torquent Per Corporation,7869816,
Lobortis Nisi Ltd,7870297,
Ac Turpis Egestas Limited,7870778,
Euismod Est Arcu Associates,7871259,
Nec Leo Morbi Corporation,7871740,
Pharetra Felis Eget Corp.,7872221,
Et Magna Praesent LLC,7872702,
Proin Nisl Foundation,7873183,
Consectetuer Cursus Et Consulting,7873664,
Quis Arcu Industries,7874145,
Non Lacinia At Ltd,7874626,
Lacus Etiam Associates,7875107,
Metus Sit Amet Associates,7875588,
Malesuada PC,7876069,
Nibh Sit Limited,7876550,
Neque LLP,7877031,
Mauris Sit Amet Associates,7877512,
Ut Sagittis Ltd,7877993,
Adipiscing Fringilla LLP,7878474,
Phasellus PC,7878955,
Posuere Vulputate Lacus Limited,7879436,
Pharetra Inc.,7879917,
Elit Pede Malesuada Incorporated,7880398,
Quis Institute,7880879,
Sodales Purus Consulting,7881360,
Lacinia Vitae Limited,7881841,
Est Tempor Bibendum PC,7882322,
Nam Limited,7882803,
Adipiscing LLP,7883284,
Vel Ltd,7883765,
Sit Corporation,7884246,
Urna Vivamus Corporation,7884727,
Libero Morbi Accumsan Associates,7885208,
Pellentesque Ut Ipsum Industries,7885689,
Mauris Elit Dictum Industries,7886170,
Fusce Diam Inc.,7886651,
Cursus Purus Inc.,7887132,
Posuere Vulputate Lacus Ltd,7887613,
Aliquet Foundation,7888094,
At Egestas A Ltd,7888575,
Nonummy Industries,7889056,
Mattis Semper Incorporated,7889537,
Odio Aliquam PC,7890018,
Ac Institute,7890499,
Pede PC,7890980,
Massa Non Industries,7891461,
Sodales Purus Industries,7891942,
A Neque Nullam PC,7892423,
Aenean Eget LLP,7892904,
Erat Limited,7893385,
Nunc Ac Industries,7893866,
Orci Ltd,7894347,
Eget Laoreet LLC,7894828,
Morbi Consulting,7895309,
Nunc Foundation,7895790,
Quisque Purus Sapien Corporation,7896271,
Accumsan Sed Inc.,7896752,
In Cursus Et Limited,7897233,
Erat Associates,7897714,
Mus Corporation,7898195,
Quam Limited,7898676,
Sed Auctor Odio LLC,7899157,
Sed Diam Consulting,7899638,
Lorem Ipsum Inc.,7900119,
Ut Nulla Cras Corporation,7900600,
Dictum Corporation,7901081,
Nibh Corp.,7901562,
Amet Institute,7902043,
Eleifend Nunc Ltd,7902524,
Fringilla Cursus Purus PC,7903005,
In Mi Inc.,7903486,
Sed Leo Cras Consulting,7903967,
Dolor Foundation,7904448,
Nisi Nibh Lacinia Institute,7904929,
Dolor Donec Fringilla Industries,7905410,
Nonummy Ac Feugiat Corporation,7905891,
Arcu Vestibulum Ut Company,7906372,
Sagittis Augue Eu LLC,7906853,
Mi Lacinia Ltd,7907334,
Felis Ullamcorper LLP,7907815,
Molestie Tortor Nibh PC,7908296,
Mi Pede PC,7908777,
Est Ac Incorporated,7909258,
Proin Non Massa Foundation,7909739,
Ut Nulla Cras Corp.,7910220,
Mi Aliquam Gravida Consulting,7910701,
Aenean Eget Magna Inc.,7911182,
At Inc.,7911663,
Ullamcorper Velit In Consulting,7912144,
Vehicula Pellentesque Tincidunt Inc.,7912625,
Amet Orci Ut Associates,7913106,
Lorem Tristique Aliquet LLP,7913587,
Lorem PC,7914068,
Tempus Risus Corporation,7914549,
Egestas Duis Company,7915030,
Donec Elementum Lorem Associates,7915511,
Nullam Industries,7915992,
Risus Corporation,7916473,
Ipsum Suspendisse Sagittis Industries,7916954,
Risus LLC,7917435,
Eu Corp.,7917916,
Id Sapien Cras Inc.,7918397,
Pharetra Sed Foundation,7918878,
Commodo At Libero Limited,7919359,
Sed Limited,7919840,
In Limited,7920321,
Dictum Sapien Institute,7920802,
In Foundation,7921283,
Vestibulum Mauris Incorporated,7921764,
Ac Mattis Associates,7922245,
Elit Pede Malesuada Associates,7922726,
Non Dui Industries,7923207,
Fringilla Corporation,7923688,
Eget Incorporated,7924169,
Eleifend Nec Malesuada Limited,7924650,
Sed Et Libero Foundation,7925131,
Dolor Fusce Company,7925612,
Pretium Neque Limited,7926093,
Phasellus Libero Consulting,7926574,
Arcu Ac Associates,7927055,
Aliquam Adipiscing Lobortis Industries,7927536,
Accumsan Laoreet LLC,7928017,
Vitae Sodales Institute,7928498,
Mollis Company,7928979,
Neque Sed Industries,7929460,
Lectus Foundation,7929941,
Sed LLP,7930422,
Ante Ipsum Primis LLC,7930903,
Metus Facilisis Industries,7931384,
Volutpat Ornare Ltd,7931865,
Nunc Sit Amet Consulting,7932346,
Enim Suspendisse Aliquet Associates,7932827,
Parturient Montes Nascetur LLP,7933308,
Erat Sed Nunc Associates,7933789,
Quisque Ac Libero Company,7934270,
Placerat LLC,7934751,
Ut Aliquam Iaculis Industries,7935232,
Tempor Arcu Vestibulum Ltd,7935713,
Amet Consectetuer Industries,7936194,
Elit Pede Malesuada LLP,7936675,
Commodo Corp.,7937156,
Sed Consequat Incorporated,7937637,
Integer Tincidunt Inc.,7938118,
Dolor Tempus Non Foundation,7938599,
Nulla Donec Non LLP,7939080,
Duis Ac Arcu Corporation,7939561,
Tristique Aliquet Phasellus Corp.,7940042,
Vitae Corporation,7940523,
Lobortis Augue Scelerisque PC,7941004,
Vitae Semper Egestas Industries,7941485,
Nec Diam Duis Limited,7941966,
Eu Nulla At Company,7942447,
Vitae LLP,7942928,
Ac Sem Ut Inc.,7943409,
Aenean Gravida Nunc Industries,7943890,
A Ultricies Foundation,7944371,
Orci Luctus Et Consulting,7944852,
Magna Suspendisse Tristique PC,7945333,
Id Erat Etiam Corp.,7945814,
Sit Company,7946295,
Facilisis Non Bibendum Company,7946776,
Enim Condimentum Industries,7947257,
In Faucibus Orci Associates,7947738,
Nulla Donec Non PC,7948219,
In Dolor Fusce Ltd,7948700,
Nunc Company,7949181,
Eu Dolor Egestas Incorporated,7949662,
Sed Libero Proin Institute,7950143,
Id Magna Et Foundation,7950624,
Etiam Limited,7951105,
Lectus Nullam Suscipit Corporation,7951586,
Ac Ipsum Phasellus Incorporated,7952067,
Egestas Ltd,7952548,
Quis Urna PC,7953029,
Felis Purus Ac Incorporated,7953510,
Praesent PC,7953991,
Vestibulum Lorem Limited,7954472,
Enim Etiam Incorporated,7954953,
Donec Incorporated,7955434,
Felis Ullamcorper Viverra Inc.,7955915,
Vehicula Risus Nulla Associates,7956396,
Ridiculus Mus Industries,7956877,
In Associates,7957358,
Dictum Mi LLP,7957839,
Mi Aliquam Gravida Inc.,7958320,
Pede Ltd,7958801,
Penatibus Et Magnis Corporation,7959282,
In Molestie Tortor Company,7959763,
Est Industries,7960244,
Vestibulum Massa Rutrum Associates,7960725,
Felis Adipiscing Company,7961206,
Non Sapien Associates,7961687,
Et Ltd,7962168,
Mollis Foundation,7962649,
Vehicula Et Company,7963130,
Dui Lectus Rutrum Institute,7963611,
Fermentum Metus Company,7964092,
Id Magna Industries,7964573,
Nulla Corp.,7965054,
Elit Etiam Laoreet Incorporated,7965535,
Feugiat Nec Diam Corp.,7966016,
Ut LLC,7966497,
Sollicitudin Industries,7966978,
Pellentesque Sed Dictum Company,7967459,
Ac Company,7967940,
Ultrices Duis Volutpat PC,7968421,
Aliquam Rutrum Lorem PC,7968902,
Sem Eget Corporation,7969383,
Ut Incorporated,7969864,
Arcu Sed Et LLP,7970345,
Vestibulum Massa Associates,7970826,
Montes Nascetur Ridiculus Institute,7971307,
Consectetuer Euismod Corp.,7971788,
Sem Eget Massa Corporation,7972269,
Sed Pede Corp.,7972750,
Pharetra Felis Eget LLC,7973231,
Semper Tellus Corporation,7973712,
Donec Tincidunt Donec Institute,7974193,
Mauris Rhoncus Id Institute,7974674,
Sollicitudin Adipiscing Ligula Inc.,7975155,
Ultrices A Ltd,7975636,
Cursus In PC,7976117,
Faucibus Ut Corporation,7976598,
Cursus Associates,7977079,
Est Arcu Ac Incorporated,7977560,
Nulla Inc.,7978041,
Donec Nibh Quisque LLC,7978522,
Et LLC,7979003,
In Tincidunt Congue LLP,7979484,
Facilisi Sed Neque Incorporated,7979965,
Tellus Ltd,7980446,
At Velit Ltd,7980927,
Vehicula Industries,7981408,
Mi Tempor Lorem Associates,7981889,
Duis Risus Odio Ltd,7982370,
Nibh Aliquam Ornare Associates,7982851,
Lobortis Augue Scelerisque Inc.,7983332,
Nibh Inc.,7983813,
Nunc Mauris Sapien Consulting,7984294,
Fusce Diam LLP,7984775,
Velit Sed Inc.,7985256,
Etiam Bibendum Institute,7985737,
Aliquam Eros Turpis Consulting,7986218,
Ipsum Dolor Limited,7986699,
Neque In Ornare Ltd,7987180,
Pede Incorporated,7987661,
Amet Company,7988142,
Arcu Inc.,7988623,
Mollis Duis Associates,7989104,
Tortor Nunc Commodo Incorporated,7989585,
Massa Lobortis LLP,7990066,
Egestas Corporation,7990547,
Ut Pharetra Associates,7991028,
Mauris Incorporated,7991509,
Fusce Corp.,7991990,
Non Vestibulum Nec Corporation,7992471,
Nunc Ltd,7992952,
Justo Eu Ltd,7993433,
Ante PC,7993914,
Maecenas Ornare Egestas Corp.,7994395,
Nonummy Fusce Fermentum Institute,7994876,
Vitae PC,7995357,
Neque Nullam Company,7995838,
Ante Foundation,7996319,
Et Netus Corp.,7996800,
Quisque Limited,7997281,
Lacus Quisque Industries,7997762,
Lorem Eu Metus LLC,7998243,
Aliquam Tincidunt PC,7998724,
Nulla Donec Institute,7999205,
Placerat Orci Lacus Limited,7999686,
Phasellus Vitae PC,8000167,
Ultrices Posuere Cubilia Incorporated,8000648,
Vel Convallis In Company,8001129,
Augue Ltd,8001610,
Aliquam Adipiscing Lacus Ltd,8002091,
Massa Suspendisse Eleifend Institute,8002572,
Mauris Foundation,8003053,
Justo Eu Corporation,8003534,
Aenean PC,8004015,
In Hendrerit Consectetuer Corp.,8004496,
A Limited,8004977,
Mauris Corp.,8005458,
Nunc Sed Orci Limited,8005939,
Blandit Enim Incorporated,8006420,
Malesuada Augue Corp.,8006901,
Quisque Porttitor LLC,8007382,
Est Arcu Limited,8007863,
Imperdiet Ullamcorper Inc.,8008344,
Scelerisque Neque Consulting,8008825,
Suspendisse Tristique Corporation,8009306,
In Sodales Elit Ltd,8009787,
A Facilisis Non Inc.,8010268,
Tempus Mauris Foundation,8010749,
Ac Turpis Egestas Foundation,8011230,
In Ornare Sagittis Limited,8011711,
Orci Institute,8012192,
Suspendisse Foundation,8012673,
Dolor Associates,8013154,
Massa Mauris Ltd,8013635,
Id Limited,8014116,
Duis Consulting,8014597,
Mattis Ltd,8015078,
Eleifend LLP,8015559,
Morbi Incorporated,8016040,
Ante Blandit PC,8016521,
Ut Eros Incorporated,8017002,
Ac Tellus Suspendisse Consulting,8017483,
Nullam Velit Ltd,8017964,
Interdum Consulting,8018445,
Porttitor Industries,8018926,
Nisi A Foundation,8019407,
Nunc Ullamcorper Limited,8019888,
Non Luctus Industries,8020369,
Adipiscing Mauris Molestie PC,8020850,
Suspendisse Inc.,8021331,
Erat Vitae Ltd,8021812,
Nostra Per Limited,8022293,
Donec Consectetuer LLC,8022774,
Nisl Foundation,8023255,
Natoque Penatibus Ltd,8023736,
Nisi Ltd,8024217,
Ipsum Ac Ltd,8024698,
Neque Pellentesque LLP,8025179,
Odio Vel Est PC,8025660,
Consectetuer Corporation,8026141,
Porta Elit A Corp.,8026622,
Vitae Foundation,8027103,
Etiam Gravida Corp.,8027584,
Aliquet Lobortis Consulting,8028065,
Donec Inc.,8028546,
Sociis Natoque Penatibus Corp.,8029027,
Duis Ltd,8029508,
Id Nunc Limited,8029989,
Nam Tempor Ltd,8030470,
Dolor Fusce Foundation,8030951,
Sem Company,8031432,
Erat Volutpat Incorporated,8031913,
Dui Limited,8032394,
Orci Lobortis Corp.,8032875,
Et Corp.,8033356,
Eget Massa PC,8033837,
Feugiat Metus PC,8034318,
Orci Ut Semper Company,8034799,
Vehicula Limited,8035280,
Ridiculus Mus Corp.,8035761,
A Odio Foundation,8036242,
Leo Vivamus Company,8036723,
Rutrum Fusce Associates,8037204,
Id Risus Quis PC,8037685,
Convallis Industries,8038166,
Turpis Aliquam Industries,8038647,
Lacinia Mattis Integer Associates,8039128,
Elit Inc.,8039609,
Sed Eu PC,8040090,
Parturient Montes Foundation,8040571,
Eu Arcu Morbi Institute,8041052,
Dolor Fusce Mi Foundation,8041533,
Dapibus LLP,8042014,
Turpis Nec Limited,8042495,
Ornare Lectus Ante Foundation,8042976,
Donec Felis Foundation,8043457,
Lacus Cras Interdum Corp.,8043938,
Nisi LLC,8044419,
Porttitor Tellus Non Foundation,8044900,
Cursus A PC,8045381,
Phasellus LLP,8045862,
Quis Diam Inc.,8046343,
Hymenaeos Mauris Ut Associates,8046824,
Et Malesuada Fames PC,8047305,
Odio Vel Est Industries,8047786,
Quis Consulting,8048267,
Mauris Inc.,8048748,
Mauris Eu Incorporated,8049229,
Magna Tellus Foundation,8049710,
Ornare Facilisis Eget Inc.,8050191,
Vivamus Sit Amet LLC,8050672,
Ac Urna Ut LLC,8051153,
Urna Consulting,8051634,
Morbi Tristique Ltd,8052115,
Ridiculus Mus Aenean PC,8052596,
Risus Limited,8053077,
Donec Company,8053558,
Ac Ipsum Incorporated,8054039,
Quam Quis Incorporated,8054520,
Eu Erat Consulting,8055001,
Egestas Limited,8055482,
Ut LLP,8055963,
Ultrices Mauris Ipsum Consulting,8056444,
Tortor Integer Incorporated,8056925,
Nec Urna Suscipit Institute,8057406,
Id Industries,8057887,
Elementum Company,8058368,
Vitae LLC,8058849,
Leo Corp.,8059330,
Auctor Odio A Ltd,8059811,
Vehicula Pellentesque Tincidunt Limited,8060292,
Varius Et Euismod Foundation,8060773,
Nunc Interdum Feugiat Company,8061254,
Fusce Mi Industries,8061735,
Phasellus Libero Mauris Institute,8062216,
Eu Placerat Eget Associates,8062697,
Fusce Mi LLP,8063178,
Egestas Fusce Consulting,8063659,
Sed Foundation,8064140,
Nunc Sed Institute,8064621,
Quis Arcu Vel Corp.,8065102,
Ac Feugiat Industries,8065583,
Convallis Dolor Consulting,8066064,
Ultrices Posuere Foundation,8066545,
Ante Blandit Incorporated,8067026,
Fringilla Ornare Corp.,8067507,
Mi Enim Condimentum Corporation,8067988,
Senectus Corp.,8068469,
Vitae Ltd,8068950,
Commodo Consulting,8069431,
Sollicitudin A Industries,8069912,
Vestibulum Massa Institute,8070393,
Imperdiet Ltd,8070874,
Eu Tellus Company,8071355,
Integer Corp.,8071836,
Magna Duis Institute,8072317,
Feugiat Corporation,8072798,
Cursus Et Institute,8073279,
Dis Company,8073760,
Magna LLC,8074241,
Orci In Consequat Ltd,8074722,
Ante Iaculis Consulting,8075203,
Eleifend LLC,8075684,
Cursus LLC,8076165,
Libero Nec Ligula LLC,8076646,
Vitae Semper Egestas Corporation,8077127,
Ut Inc.,8077608,
Donec Industries,8078089,
Metus Inc.,8078570,
Sed Et Limited,8079051,
Risus Inc.,8079532,
Nec Euismod In Associates,8080013,
Nunc Mauris Company,8080494,
Neque Corp.,8080975,
A LLC,8081456,
A Incorporated,8081937,
Vulputate Lacus Associates,8082418,
Nunc Ac Mattis Consulting,8082899,
Pellentesque Company,8083380,
Nunc PC,8083861,
Nec Tempus Scelerisque PC,8084342,
Praesent Interdum Consulting,8084823,
Maecenas Mi Company,8085304,
Tempor Erat Foundation,8085785,
Ac Sem Institute,8086266,
Nullam Company,8086747,
Velit Consulting,8087228,
Nullam Ltd,8087709,
Sapien Nunc Pulvinar LLC,8088190,
Et Incorporated,8088671,
Venenatis Vel Limited,8089152,
Id Ante Dictum Institute,8089633,
Nec Urna Et Corp.,8090114,
Tellus Incorporated,8090595,
Enim Industries,8091076,
Consectetuer Mauris Industries,8091557,
Feugiat Placerat Velit Associates,8092038,
Metus In Associates,8092519,
Metus In Nec PC,8093000,
Non Feugiat Nec Incorporated,8093481,
Sagittis Duis Associates,8093962,
Eu Odio Ltd,8094443,
Rhoncus LLP,8094924,
Erat Eget Ipsum Institute,8095405,
Eu Odio Phasellus Limited,8095886,
Phasellus Corp.,8096367,
Mauris Id Sapien LLC,8096848,
Dui Semper Et LLP,8097329,
Convallis Convallis Dolor Corp.,8097810,
Luctus PC,8098291,
Aliquam Inc.,8098772,
Ut Lacus Nulla LLC,8099253,
Curae Donec LLC,8099734,
Semper Nam LLC,8100215,
Cum Sociis Industries,8100696,
Sed Inc.,8101177,
Mauris Id Sapien LLP,8101658,
Donec Elementum Lorem Institute,8102139,
Molestie Sed Institute,8102620,
Tellus Aenean Egestas Incorporated,8103101,
Eu Institute,8103582,
Ac Fermentum Vel Industries,8104063,
A Auctor Non Corp.,8104544,
Sem Eget Massa Industries,8105025,
Ante Iaculis Nec Corp.,8105506,
Fames Ac Turpis Foundation,8105987,
Nisl Incorporated,8106468,
Mauris Vel Turpis LLP,8106949,
Sem Inc.,8107430,
Feugiat Lorem LLC,8107911,
Ac LLC,8108392,
Curae Donec Tincidunt Corporation,8108873,
Nunc Sollicitudin Consulting,8109354,
Vel Institute,8109835,
Purus Industries,8110316,
Fusce Fermentum LLP,8110797,
Odio A Purus Company,8111278,
Ut Tincidunt Ltd,8111759,
In Faucibus Orci Foundation,8112240,
Sapien Imperdiet Ornare Associates,8112721,
Nulla Donec PC,8113202,
Ultrices A Institute,8113683,
Nibh Lacinia Ltd,8114164,
Blandit Company,8114645,
Ornare Incorporated,8115126,
Duis Dignissim Tempor LLP,8115607,
Mauris Corporation,8116088,
Per Conubia Nostra Company,8116569,
Quam Dignissim Industries,8117050,
Ut Nec Urna LLP,8117531,
Tempor Augue Company,8118012,
Scelerisque Mollis Corp.,8118493,
Nunc Corporation,8118974,
Diam Dictum Ltd,8119455,
Est Ac LLC,8119936,
Consectetuer Institute,8120417,
Arcu Vivamus Incorporated,8120898,
Mauris Integer Limited,8121379,
Euismod Est Institute,8121860,
Velit Corporation,8122341,
Etiam Imperdiet Dictum Company,8122822,
Non Dui Nec Corporation,8123303,
Libero Est Inc.,8123784,
Sed Eu Nibh Institute,8124265,
Elit Institute,8124746,
Nunc Ullamcorper Corp.,8125227,
Proin Ltd,8125708,
Ullamcorper Nisl Arcu Corp.,8126189,
Sit Amet LLP,8126670,
Montes Nascetur Ridiculus Consulting,8127151,
Facilisis Magna Inc.,8127632,
A Feugiat Tellus Corp.,8128113,
Donec Corporation,8128594,
Dictum Consulting,8129075,
Litora Torquent Per Corp.,8129556,
Lobortis Quis Associates,8130037,
Pede Nec Corp.,8130518,
Eleifend Cras Sed Institute,8130999,
Nunc Institute,8131480,
Eleifend Cras Associates,8131961,
Facilisis Magna Tellus Company,8132442,
Ac Ipsum Phasellus Foundation,8132923,
Lorem Tristique Institute,8133404,
Tortor Integer Aliquam Associates,8133885,
Malesuada Ut Industries,8134366,
Fringilla PC,8134847,
Dis Parturient Montes Corporation,8135328,
Tempor Lorem Eget Incorporated,8135809,
In Tempus Corp.,8136290,
Nulla Limited,8136771,
Vestibulum Ante Ipsum Corp.,8137252,
Nunc Sed Company,8137733,
Eu LLP,8138214,
A Ultricies Adipiscing LLP,8138695,
Libero Et Company,8139176,
Mattis Inc.,8139657,
Augue Scelerisque Mollis Institute,8140138,
Neque Nullam Consulting,8140619,
Dictum Eu Placerat LLP,8141100,
Quam Associates,8141581,
Nec Malesuada Institute,8142062,
Et Eros Inc.,8142543,
Malesuada Fames Ac LLP,8143024,
In Lorem Ltd,8143505,
In Felis Nulla Ltd,8143986,
Parturient Montes Corporation,8144467,
Egestas Incorporated,8144948,
Massa Corporation,8145429,
Cras Sed Leo Company,8145910,
Eu Dolor Inc.,8146391,
Nulla Eget Metus Limited,8146872,
Auctor Consulting,8147353,
Imperdiet Dictum Magna Incorporated,8147834,
Sed Malesuada Augue Company,8148315,
Lorem Ipsum Consulting,8148796,
Nibh Limited,8149277,
Arcu Eu Corporation,8149758,
Vehicula Risus Nulla Corp.,8150239,
Phasellus Consulting,8150720,
Phasellus Dolor Elit Corporation,8151201,
Suspendisse Non Leo Inc.,8151682,
Netus Et Malesuada LLC,8152163,
Ligula Corp.,8152644,
Nunc LLP,8153125,
Dui Lectus Rutrum Foundation,8153606,
Nisl Maecenas Foundation,8154087,
Ligula Tortor Dictum Industries,8154568,
Sed Eu Eros Company,8155049,
Commodo Tincidunt Nibh Industries,8155530,
Purus Institute,8156011,
Gravida Institute,8156492,
Cursus Et Corporation,8156973,
Libero Dui Company,8157454,
Quis Arcu Inc.,8157935,
Porttitor Vulputate Incorporated,8158416,
Enim Etiam Gravida LLP,8158897,
Mus Donec Institute,8159378,
Massa Rutrum PC,8159859,
Vestibulum Corp.,8160340,
Metus Aenean Sed Associates,8160821,
Adipiscing Fringilla Associates,8161302,
Sagittis Placerat Ltd,8161783,
In Consequat Enim Associates,8162264,
Quam Pellentesque Habitant Associates,8162745,
Pellentesque Ultricies Dignissim Foundation,8163226,
In Incorporated,8163707,
Tellus Faucibus Foundation,8164188,
Per Consulting,8164669,
Fringilla Ornare Placerat LLP,8165150,
Orci Lacus PC,8165631,
Interdum Ligula Eu Institute,8166112,
Et Pede Limited,8166593,
Adipiscing Fringilla LLC,8167074,
Non Sollicitudin PC,8167555,
Non Bibendum Associates,8168036,
Tincidunt Adipiscing Mauris Associates,8168517,
Tellus Faucibus LLP,8168998,
Dictum Mi Ac LLC,8169479,
Imperdiet Corporation,8169960,
Congue A Aliquet Corporation,8170441,
Mollis Non Foundation,8170922,
Sapien Aenean Foundation,8171403,
Risus Nulla Associates,8171884,
Ultricies Sem Incorporated,8172365,
Aliquam Fringilla Cursus LLP,8172846,
Nisi Nibh LLP,8173327,
Pharetra Foundation,8173808,
Urna Ltd,8174289,
Facilisis Limited,8174770,
Proin Limited,8175251,
Metus Vivamus LLP,8175732,
Sed Sem LLP,8176213,
Etiam Ligula Tortor Associates,8176694,
Arcu LLC,8177175,
Nostra Per Inceptos Foundation,8177656,
Odio Nam Interdum Ltd,8178137,
Ipsum Suspendisse Sagittis Ltd,8178618,
Lobortis Incorporated,8179099,
Curae LLC,8179580,
Purus Sapien Incorporated,8180061,
Sed Tortor Integer Institute,8180542,
Ornare Lectus Ante Consulting,8181023,
Convallis PC,8181504,
Pede Cras LLC,8181985,
Erat Corporation,8182466,
Posuere Enim Associates,8182947,
Erat Incorporated,8183428,
Tellus Corp.,8183909,
Nisi Mauris Foundation,8184390,
Nam Interdum Enim LLP,8184871,
Elit A Incorporated,8185352,
Tempor Incorporated,8185833,
Vitae Mauris Sit LLP,8186314,
Morbi Inc.,8186795,
Magnis Dis Parturient Inc.,8187276,
Imperdiet Ornare In LLP,8187757,
Sit Amet Associates,8188238,
Libero Mauris Aliquam Company,8188719,
Nisi Dictum Augue Inc.,8189200,
Lectus Cum Corp.,8189681,
Metus LLC,8190162,
Tortor Nunc Commodo PC,8190643,
Lacus Vestibulum Incorporated,8191124,
Morbi Tristique Institute,8191605,
Molestie Orci Tincidunt Associates,8192086,
Quis Massa Incorporated,8192567,
Posuere Cubilia Limited,8193048,
Enim Commodo Hendrerit LLC,8193529,
Eget Ltd,8194010,
Aliquet Limited,8194491,
Nunc Est Mollis Associates,8194972,
Duis LLC,8195453,
Urna Nec Corporation,8195934,
Blandit Nam Corp.,8196415,
Risus Duis A Industries,8196896,
Mauris Integer Sem Corporation,8197377,
Vitae Nibh Associates,8197858,
Elementum Purus Consulting,8198339,
Morbi Metus Vivamus Foundation,8198820,
Feugiat Limited,8199301,
Nec Ante Consulting,8199782,
Parturient Montes Nascetur Company,8200263,
Feugiat Tellus Inc.,8200744,
Aliquam Nec Enim Industries,8201225,
Nec Corporation,8201706,
Nulla Interdum Curabitur PC,8202187,
Dapibus Quam Inc.,8202668,
Enim PC,8203149,
Sagittis Lobortis Industries,8203630,
Ullamcorper Velit Limited,8204111,
Sollicitudin Adipiscing Company,8204592,
Enim Condimentum Eget LLC,8205073,
Neque Et Nunc Associates,8205554,
Nisl Consulting,8206035,
Mollis Lectus Foundation,8206516,
Sem Pellentesque Ut Consulting,8206997,
Rutrum LLP,8207478,
Tellus Lorem Incorporated,8207959,
Purus Sapien Corporation,8208440,
Donec Consectetuer Corporation,8208921,
Pellentesque Tellus Sem Consulting,8209402,
Nunc Mauris Corp.,8209883,
Risus Donec Industries,8210364,
Tempor Lorem Eget Foundation,8210845,
Egestas Nunc PC,8211326,
Quisque Libero Incorporated,8211807,
Bibendum Donec Felis Ltd,8212288,
Lacus Pede Sagittis Incorporated,8212769,
Phasellus Vitae Corporation,8213250,
Convallis LLP,8213731,
Mauris Vel Incorporated,8214212,
Ante Associates,8214693,
Lacus Company,8215174,
Dis Parturient LLP,8215655,
Dolor Dolor Tempus LLP,8216136,
Augue Sed Inc.,8216617,
Iaculis Lacus Company,8217098,
Faucibus Industries,8217579,
Ornare Lectus Justo PC,8218060,
Blandit Viverra Donec Associates,8218541,
Sem Industries,8219022,
Consectetuer Incorporated,8219503,
Malesuada Vel LLC,8219984,
Blandit Mattis Consulting,8220465,
Pede Sagittis Limited,8220946,
A Tortor Consulting,8221427,
Tellus Eu Augue Limited,8221908,
Cras Institute,8222389,
Primis In Faucibus Limited,8222870,
Justo Faucibus Lectus Industries,8223351,
Ac Inc.,8223832,
Egestas Hendrerit Neque Limited,8224313,
Tristique LLC,8224794,
Sit Amet Incorporated,8225275,
Rutrum Urna Nec Industries,8225756,
Metus Aliquam Company,8226237,
Ornare Facilisis Eget Institute,8226718,
Luctus Ut Industries,8227199,
Vitae Orci Phasellus LLC,8227680,
Lacus Etiam Bibendum Corporation,8228161,
Ut Odio PC,8228642,
Rutrum Lorem Corp.,8229123,
Molestie LLC,8229604,
Eu Elit Nulla Inc.,8230085,
Ipsum Curabitur Corporation,8230566,
Rutrum Magna Industries,8231047,
Tincidunt Associates,8231528,
Aliquam Company,8232009,
Aliquet Odio LLP,8232490,
Consectetuer Cursus Industries,8232971,
At Sem Molestie Company,8233452,
Ut Cursus Associates,8233933,
Nisi Cum Sociis LLC,8234414,
Faucibus Id Libero LLP,8234895,
Mauris Integer PC,8235376,
Elit A Industries,8235857,
Consectetuer Mauris Id Corporation,8236338,
Ridiculus Inc.,8236819,
Amet Orci Foundation,8237300,
Netus LLP,8237781,
Eu Erat Associates,8238262,
Sit Institute,8238743,
Maecenas Ornare Egestas Corporation,8239224,
At Pede Cras Corporation,8239705,
Viverra Donec LLP,8240186,
Mauris Elit Incorporated,8240667,
Pellentesque Ultricies Dignissim Ltd,8241148,
Vel Faucibus Id Corporation,8241629,
Mollis Inc.,8242110,
Tincidunt Nunc Incorporated,8242591,
Magna Nam Ligula Limited,8243072,
Maecenas Ornare Associates,8243553,
Ipsum Inc.,8244034,
Nibh Foundation,8244515,
Orci Donec PC,8244996,
Eu Augue Limited,8245477,
Urna Convallis Erat Company,8245958,
Aliquet Ltd,8246439,
Lorem Industries,8246920,
A Facilisis Non Limited,8247401,
Quam A Felis LLC,8247882,
Orci Luctus Corp.,8248363,
Lorem Ipsum Limited,8248844,
Vivamus Sit PC,8249325,
Magna Phasellus Corporation,8249806,
Aliquam Associates,8250287,
Auctor Corp.,8250768,
Orci Associates,8251249,
Vulputate Corporation,8251730,
Ante Dictum Corporation,8252211,
Enim Ltd,8252692,
Ligula Institute,8253173,
Gravida Aliquam Tincidunt Institute,8253654,
Nunc Sollicitudin Associates,8254135,
Diam At Institute,8254616,
Nulla At Sem PC,8255097,
At PC,8255578,
Dui Nec Urna Institute,8256059,
Eu Placerat Eget Inc.,8256540,
Sem Semper Institute,8257021,
Ultricies Ornare Associates,8257502,
Semper PC,8257983,
Sit Amet Inc.,8258464,
Adipiscing Institute,8258945,
Suspendisse Tristique Neque Incorporated,8259426,
Ultricies Dignissim Lacus Ltd,8259907,
At Industries,8260388,
Suscipit Corp.,8260869,
Libero Est Congue Associates,8261350,
Sed Leo Cras Limited,8261831,
Enim Nunc Ut Corporation,8262312,
Eu Sem Consulting,8262793,
Metus Facilisis Associates,8263274,
Diam Sed Diam LLP,8263755,
Tortor At Consulting,8264236,
Ac Limited,8264717,
Odio Aliquam Vulputate Associates,8265198,
Dolor Industries,8265679,
Tincidunt Congue Associates,8266160,
Malesuada Id Erat Institute,8266641,
Eu Odio Institute,8267122,
Maecenas Malesuada Fringilla Ltd,8267603,
Luctus Associates,8268084,
At Institute,8268565,
Lacus Corporation,8269046,
Et Magnis Incorporated,8269527,
Consequat Auctor Nunc Ltd,8270008,
Eget Dictum Placerat LLC,8270489,
Dolor Dapibus Gravida Associates,8270970,
Sit Amet Ornare Corp.,8271451,
Eu Eleifend Corporation,8271932,
Ac Nulla In Foundation,8272413,
Libero Mauris Institute,8272894,
Pede Sagittis Incorporated,8273375,
Vitae Aliquam Eros Consulting,8273856,
Lectus Sit Incorporated,8274337,
Dictum Proin Company,8274818,
Vitae Dolor Foundation,8275299,
Non Leo Vivamus Institute,8275780,
Sem Limited,8276261,
Neque Sed Sem Ltd,8276742,
Donec Feugiat Institute,8277223,
Scelerisque Lorem Ipsum Limited,8277704,
Fusce Dolor Consulting,8278185,
Ut Nisi LLC,8278666,
Nulla Semper Limited,8279147,
Mauris Ut Quam Industries,8279628,
Sed Industries,8280109,
Dolor Corporation,8280590,
Fringilla Donec Feugiat Associates,8281071,
Rutrum Eu Institute,8281552,
Leo Vivamus Consulting,8282033,
Pharetra LLP,8282514,
Rhoncus Id Inc.,8282995,
Curae PC,8283476,
Convallis Ligula Limited,8283957,
Sagittis Augue Limited,8284438,
Ut Cursus Corp.,8284919,
Dis Parturient Industries,8285400,
Gravida Nunc LLP,8285881,
Metus Urna Convallis Incorporated,8286362,
Rhoncus Nullam Velit Associates,8286843,
Ligula Aenean Associates,8287324,
Suscipit Est Ac Incorporated,8287805,
Mauris Ut LLC,8288286,
Bibendum Limited,8288767,
Amet Massa Quisque Limited,8289248,
Enim Gravida Sit Associates,8289729,
Lorem Ut Aliquam Institute,8290210,
Erat Sed Nunc Ltd,8290691,
Laoreet Posuere Enim Corp.,8291172,
Vel Industries,8291653,
Libero Consulting,8292134,
Tempor Diam Company,8292615,
Nisi Mauris LLP,8293096,
Pellentesque Ut Corporation,8293577,
Mattis Integer Eu LLC,8294058,
Eu Dolor Egestas PC,8294539,
Sagittis Duis Gravida PC,8295020,
Donec Porttitor LLP,8295501,
Dolor Inc.,8295982,
Gravida Molestie LLC,8296463,
Suscipit Est Corporation,8296944,
Dui In Sodales PC,8297425,
A Arcu Limited,8297906,
Nec Cursus Associates,8298387,
Volutpat Nunc Sit Consulting,8298868,
Erat In Consectetuer Limited,8299349,
Rhoncus Id Mollis Foundation,8299830,
Mauris Institute,8300311,
Lorem Sit Company,8300792,
Sociis Natoque Company,8301273,
Consectetuer Adipiscing Elit Consulting,8301754,
Pede Nec Ante Foundation,8302235,
Nullam Vitae Incorporated,8302716,
Placerat Augue Sed Ltd,8303197,
Velit Pellentesque Incorporated,8303678,
Sodales Associates,8304159,
Cras Dictum Ultricies Associates,8304640,
Non Ante PC,8305121,
Laoreet LLC,8305602,
Lacus Pede Sagittis Foundation,8306083,
Facilisis Facilisis Company,8306564,
Eget Ipsum Ltd,8307045,
Dictum Eu Limited,8307526,
Ullamcorper Eu PC,8308007,
Duis Sit Incorporated,8308488,
Ligula Elit LLC,8308969,
Magnis Dis Parturient Corp.,8309450,
Natoque Penatibus Foundation,8309931,
Lacinia Mattis Integer Corp.,8310412,
Ultricies LLP,8310893,
Dignissim Limited,8311374,
Commodo PC,8311855,
Magna LLP,8312336,
Dictum LLP,8312817,
Phasellus Dapibus LLC,8313298,
Suspendisse Tristique Industries,8313779,
Parturient Montes Nascetur Ltd,8314260,
Mauris Nulla Corporation,8314741,
Integer Tincidunt Limited,8315222,
Erat Industries,8315703,
Eleifend Nunc Risus LLC,8316184,
Arcu Corporation,8316665,
At Auctor LLC,8317146,
Sed Consulting,8317627,
Ut Nec Associates,8318108,
Tristique Senectus Inc.,8318589,
Magna Et Ipsum Ltd,8319070,
Euismod Enim PC,8319551,
Phasellus Ornare Fusce LLC,8320032,
Interdum Sed Auctor Industries,8320513,
Dui Semper Consulting,8320994,
Lorem Institute,8321475,
Metus Aliquam Corp.,8321956,
Neque Non Quam Inc.,8322437,
Lorem Incorporated,8322918,
Facilisi Sed Institute,8323399,
In Tempus Eu Foundation,8323880,
Sapien Aenean Company,8324361,
Vitae Nibh Donec PC,8324842,
Montes Nascetur Ridiculus Ltd,8325323,
Cras Limited,8325804,
Pellentesque Sed Inc.,8326285,
Ut Nisi A PC,8326766,
Nec Ltd,8327247,
Morbi Metus Vivamus Corp.,8327728,
Donec PC,8328209,
Mi Corporation,8328690,
Sit Incorporated,8329171,
Eget Odio Aliquam PC,8329652,
Cubilia Curae Associates,8330133,
At Associates,8330614,
Non Dapibus Company,8331095,
Malesuada Fames Ac Institute,8331576,
Sagittis Duis Foundation,8332057,
Ut Tincidunt Vehicula Company,8332538,
Risus In Limited,8333019,
Proin Industries,8333500,
Sem Vitae Aliquam Corporation,8333981,
Duis Company,8334462,
Euismod Mauris Eu LLP,8334943,
Vivamus PC,8335424,
Tristique Senectus Et Associates,8335905,
Vulputate Risus Consulting,8336386,
Eu Accumsan Sed Associates,8336867,
Quis Accumsan Convallis Limited,8337348,
Ipsum LLP,8337829,
Quisque Institute,8338310,
Ullamcorper Viverra Maecenas Industries,8338791,
Aliquam Erat Volutpat Institute,8339272,
Per Conubia Nostra Corporation,8339753,
Orci Tincidunt Associates,8340234,
Velit Limited,8340715,
Nulla Ante Limited,8341196,
Lorem Fringilla Ornare Institute,8341677,
Rhoncus Consulting,8342158,
At Augue LLC,8342639,
Elit Consulting,8343120,
Lectus Pede Institute,8343601,
Eleifend Non PC,8344082,
Non Magna Incorporated,8344563,
Enim LLP,8345044,
Nibh Phasellus Nulla Ltd,8345525,
Quisque LLC,8346006,
Praesent Consulting,8346487,
Elit Sed Consequat Institute,8346968,
Eget Dictum LLP,8347449,
Curabitur Sed Tortor Associates,8347930,
At Pede Cras Corp.,8348411,
Mauris Id Sapien Limited,8348892,
In Corp.,8349373,
Aliquet Associates,8349854,
Ante Dictum LLC,8350335,
Praesent Interdum Incorporated,8350816,
Eu Accumsan Inc.,8351297,
Nam Ltd,8351778,
Suspendisse Ac Metus Corporation,8352259,
Tempor Ltd,8352740,
Sit Amet Ltd,8353221,
Cras Lorem Lorem LLC,8353702,
Adipiscing Mauris Molestie LLC,8354183,
Luctus Sit Institute,8354664,
Libero Incorporated,8355145,
Eget Dictum Foundation,8355626,
Mi Inc.,8356107,
Dui Company,8356588,
Ridiculus Limited,8357069,
Nec Metus LLC,8357550,
Duis LLP,8358031,
Vitae Erat Associates,8358512,
Scelerisque Incorporated,8358993,
Integer Urna Ltd,8359474,
Id Sapien Industries,8359955,
Ut Industries,8360436,
Nisi Corporation,8360917,
Mauris Molestie Pharetra Foundation,8361398,
Pretium Industries,8361879,
Malesuada Fames Ac LLC,8362360,
Donec Egestas Aliquam Consulting,8362841,
Porta Company,8363322,
Fermentum Arcu Vestibulum Limited,8363803,
Eleifend Limited,8364284,
Scelerisque Neque Nullam Industries,8364765,
Rutrum Fusce Company,8365246,
Eleifend Vitae Corp.,8365727,
Nunc Sed Ltd,8366208,
Magna Cras Associates,8366689,
Nunc Interdum Feugiat Limited,8367170,
Felis Corp.,8367651,
Lorem Limited,8368132,
Ipsum Donec Consulting,8368613,
Lectus Justo Company,8369094,
Arcu Et Pede Incorporated,8369575,
Et Limited,8370056,
Pharetra Quisque Ac PC,8370537,
Aenean Euismod Industries,8371018,
Leo Incorporated,8371499,
Odio Consulting,8371980,
Aliquam Institute,8372461,
Facilisis Vitae Inc.,8372942,
Amet Dapibus Id Inc.,8373423,
Sodales Limited,8373904,
Tortor Institute,8374385,
Dolor Nulla Foundation,8374866,
Hendrerit Corporation,8375347,
Sit Amet Corporation,8375828,
Orci Quis Lectus Corporation,8376309,
Neque Industries,8376790,
Curabitur Dictum PC,8377271,
Mi Foundation,8377752,
Ultrices Iaculis Odio LLP,8378233,
Fusce Mi Corp.,8378714,
Morbi Accumsan Incorporated,8379195,
Eget Metus Eu Foundation,8379676,
Vitae Posuere Incorporated,8380157,
Nibh Vulputate Mauris PC,8380638,
Elit Limited,8381119,
Et Magna Praesent PC,8381600,
Eu Ltd,8382081,
Velit Egestas Lacinia LLP,8382562,
Proin Vel Nisl Corporation,8383043,
Euismod Urna Industries,8383524,
Sollicitudin Commodo Ipsum Inc.,8384005,
Commodo Tincidunt Associates,8384486,
Eu Ligula Aenean LLC,8384967,
Consequat Nec Ltd,8385448,
Arcu Vivamus Company,8385929,
Nonummy Institute,8386410,
Consectetuer Ipsum PC,8386891,
Lacinia Sed PC,8387372,
Id Magna Et Associates,8387853,
Tellus Id Company,8388334,
Felis Purus Ltd,8388815,
Fermentum Risus At Company,8389296,
Curabitur Limited,8389777,
Placerat Orci Lacus Consulting,8390258,
Blandit Enim Consequat Company,8390739,
At Corp.,8391220,
Ut Ipsum Ac Incorporated,8391701,
Malesuada Incorporated,8392182,
Lorem Vehicula Et Corp.,8392663,
Lobortis Quis Foundation,8393144,
Metus Urna Convallis Associates,8393625,
Aliquam Nisl Nulla Corporation,8394106,
Eros Turpis Non LLP,8394587,
Nibh Company,8395068,
Eu Erat Semper Institute,8395549,
Orci Limited,8396030,
Pede Malesuada Vel Incorporated,8396511,
Aliquam Eros PC,8396992,
Rutrum Incorporated,8397473,
Sem Mollis Dui Ltd,8397954,
Sed Id Risus Corp.,8398435,
Accumsan LLP,8398916,
Tincidunt Adipiscing Mauris Inc.,8399397,
Nibh Aliquam Corp.,8399878,
Rutrum Limited,8400359,
Facilisis Suspendisse Commodo Limited,8400840,
Lacinia At Iaculis Incorporated,8401321,
Nisl Arcu Iaculis Ltd,8401802,
Ipsum Non Arcu Incorporated,8402283,
Viverra Donec Limited,8402764,
Nunc Associates,8403245,
Montes Nascetur Company,8403726,
Lectus Cum Sociis Institute,8404207,
Praesent Company,8404688,
Egestas Hendrerit LLP,8405169,
Tellus Corporation,8405650,
Nunc In Ltd,8406131,
Massa Inc.,8406612,
Libero Dui Nec Incorporated,8407093,
Nonummy Limited,8407574,
Sed Eget Lacus Consulting,8408055,
Aliquam Ultrices Incorporated,8408536,
Etiam Bibendum Associates,8409017,
Molestie Pharetra Nibh Associates,8409498,
Pede Cras Corporation,8409979,
Vel Quam Corporation,8410460,
Aliquet Phasellus Associates,8410941,
Tortor Integer Corporation,8411422,
Curabitur Incorporated,8411903,
Malesuada Malesuada Associates,8412384,
Mauris Sit Amet Company,8412865,
Et Magnis Dis PC,8413346,
A Malesuada Consulting,8413827,
Quis Arcu Vel Inc.,8414308,
Vitae Company,8414789,
Facilisis Facilisis Magna LLP,8415270,
Adipiscing Lobortis Risus PC,8415751,
Eget Metus Eu Company,8416232,
Penatibus Et Magnis LLP,8416713,
At Fringilla Company,8417194,
Ac Consulting,8417675,
Fringilla Cursus Inc.,8418156,
Tortor Nunc Company,8418637,
Ornare Placerat Inc.,8419118,
Lorem Fringilla Consulting,8419599,
Sit Amet Orci Associates,8420080,
Condimentum Eget Incorporated,8420561,
Ac Eleifend Vitae Ltd,8421042,
Rutrum Justo LLC,8421523,
Quisque Associates,8422004,
Lorem LLP,8422485,
Ullamcorper Nisl Arcu Corporation,8422966,
Per Conubia LLC,8423447,
Sed Ltd,8423928,
Nascetur Ridiculus Mus LLC,8424409,
Mauris LLP,8424890,
Non Enim LLP,8425371,
Eget Lacus Mauris Foundation,8425852,
Libero Morbi Accumsan Inc.,8426333,
Sapien Limited,8426814,
Condimentum Eget Company,8427295,
Pellentesque Habitant Morbi Associates,8427776,
Lectus Convallis Est Industries,8428257,
Donec Nibh LLC,8428738,
Sodales Elit Erat Foundation,8429219,
Augue Ac LLC,8429700,
Proin Corp.,8430181,
Ut Ltd,8430662,
Iaculis Aliquet Diam Corp.,8431143,
In LLP,8431624,
,8432105,
